username,first_name,last_name,email,region
raja_soori,Raja,Soori,raja@cmu.edu,India
joey,Joseph,Perrino,jperrino@andrew.cmu.edu,United States
daphne,Daphne,Yang,daphney@andrew.cmu.edu,United States
sara,Sara,Missak,smissak@andrew.cmu.edu,United States
kevin,Kevin,Lin,linkevin@cmu.edu,Netherlands
